{
  "$schema": "./node_modules/nx/schemas/nx-schema.json",
  "npmScope": "angular-app",
  "affected": {
    "defaultBase": "master"
  },
  "cli": {
    "packageManager": "npm"
  },
  "implicitDependencies": {
    "package.json": {
      "dependencies": "*",
      "devDependencies": "*"
    },
    ".eslintrc.json": "*"
  },
  "tasksRunnerOptions": {
    "default": {
      "runner": "nx/tasks-runners/default",
      "options": {
        "cacheableOperations": ["build", "lint", "test", "e2e"]
      }
    }
  },
  "targetDefaults": {
    "build": {
      "dependsOn": ["^build"]
    }
  },
  "generators": {
    "@nrwl/angular:application": {
      "style": "css",
      "linter": "eslint",
      "unitTestRunner": "jest",
      "e2eTestRunner": "cypress"
    },
    "@nrwl/angular:library": {
      "linter": "eslint",
      "unitTestRunner": "jest"
    },
    "@nrwl/angular:component": {
      "style": "css"
    }
  },
  "defaultProject": "angular-app"
}
